input,output
"Why do people cry even when they're happy?","Happy tears often show up when emotions overflow and the body needs a release valve. It's the nervous system balancing intense joy with physical expression so you can process the moment. Have you ever noticed when that happens most for you?"
"When does loneliness feel strongest even around others?","Loneliness can spike when you feel unseen or emotionally disconnected, even in a crowd. It's less about physical presence and more about feeling understood and valued. Have you ever felt alone while surrounded by people?"
"How does anxiety grow out of small worries?","Anxiety tends to build when the mind keeps rehearsing worst-case scenarios and never gets reassurance. Each repeated thought adds a layer until it feels overwhelming. What kind of worries tend to loop most for you?"
"What makes someone procrastinate even when they care about the task?","Procrastination is often about avoiding discomfort, not laziness, especially when fear of failure or perfectionism is involved. The brain chooses short-term relief over long-term goals. Do you notice what feelings come up right before you delay something?"
"Can you explain why jealousy feels so intense sometimes?","Jealousy usually comes from fear of losing something important or feeling not enough. It mixes insecurity with attachment, which makes it emotionally charged. What situations tend to trigger jealousy for you?"
"Tell me about why grief comes in waves instead of staying constant.","Grief moves in waves because the brain processes loss gradually while daily life keeps pulling you back to reality. Some moments remind you sharply, while others give you space to breathe. When do those waves feel strongest for you?"
"Where does motivation go when someone feels burned out?","Burnout drains motivation because the nervous system is exhausted and needs recovery before effort feels safe again. Rest isn't laziness in that state, it's repair. What usually helps you recharge when you're tired?"
"What happens when someone keeps ignoring their emotions?","Ignored emotions don't disappear; they often resurface as stress, irritability, or numbness. The body tries to get attention in other ways when feelings aren't processed. Have you ever noticed emotions showing up indirectly like that?"
"Why does fear of failure stop people from trying?","Fear of failure connects mistakes with identity, making attempts feel risky to self-worth. Avoidance becomes a way to protect confidence. What kind of failure worries you the most?"
"Why do people overthink conversations after they end?","Overthinking conversations usually comes from wanting social approval and avoiding rejection. The brain replays details to check for mistakes or threats. Do you catch yourself replaying specific moments?"
"When does self-doubt become stronger than confidence?","Self-doubt grows when past criticism or uncertainty outweighs evidence of capability. It's often louder during new or unfamiliar challenges. When do you notice your confidence drop the most?"
"How does nostalgia make people both happy and sad?","Nostalgia blends comfort from memories with awareness that time has passed. That mix creates warmth and longing at the same time. What memories tend to pull you back emotionally?"
"What makes anger suddenly explode after being calm?","Anger often builds quietly when boundaries are crossed repeatedly without expression. Eventually the pressure releases all at once. Do you usually express frustration early or hold it in?"
"Can you explain emotional numbness?","Emotional numbness can happen when the brain protects itself from overload by dampening feelings. It's like turning down volume to cope with stress or pain. Have you ever gone through periods where nothing felt strong?"
"Tell me about why attachment forms so quickly sometimes.","Attachment can form fast when someone meets deep emotional needs like safety or validation. The brain links them with comfort, creating closeness quickly. Have you experienced sudden connection with someone before?"
"Where does trust break most easily in relationships?","Trust breaks when expectations of honesty or reliability are violated repeatedly or suddenly. It's less about one mistake and more about the meaning attached to it. What makes you trust someone deeply?"
"What happens when someone feels like an impostor despite success?","Impostor feelings come from discounting achievements and focusing on perceived flaws. The mind assumes success is luck instead of earned. Do you ever doubt your accomplishments?"
"Why does people-pleasing feel hard to stop?","People-pleasing often grows from wanting acceptance and avoiding conflict. Changing it feels risky because approval feels tied to safety. When do you find it hardest to say no?"
"Why do boundaries sometimes bring guilt?","Guilt after setting boundaries happens because you're changing patterns others relied on. The brain interprets conflict as wrongdoing even when it's healthy. Have you felt relief mixed with guilt before?"
"When does comparison on social media hurt self-esteem most?","Comparison hurts most when you're already uncertain about yourself. Highlight reels from others then feel like proof you're behind. What kind of posts affect you emotionally?"
"How does heartbreak physically hurt?","Heartbreak activates brain regions similar to physical pain, which is why it can ache in the chest. Stress hormones also intensify the sensation. Where do you feel emotional pain in your body?"
"What makes excitement feel similar to anxiety?","Both excitement and anxiety activate the nervous system with energy and anticipation. The difference is mostly interpretation, not sensation. Do you ever confuse the two feelings?"
"Can you explain panic attacks?","Panic attacks happen when the body's alarm system misfires without real danger. Adrenaline surges create intense physical sensations that feel frightening. What sensations scare you most about anxiety?"
"Tell me about shame and why it feels so heavy.","Shame targets identity rather than behavior, making it feel personal and isolating. It often comes from fear of rejection or judgment. When do you feel most vulnerable to shame?"
"Where does resentment come from?","Resentment grows when needs or boundaries are ignored repeatedly without resolution. It's anger that didn't get processed in time. Do you notice resentment building slowly or suddenly?"
"What happens when someone forgives?","Forgiveness often releases emotional burden more than it erases memory. It shifts focus from pain to personal freedom. What makes forgiveness easier or harder for you?"
"Why does confidence grow with small wins?","Small wins create evidence that effort leads to success, which rewires expectations. The brain starts trusting your ability more. What small victories have boosted you before?"
"Why do habits fail to stick even with motivation?","Habits fail when they rely on willpower instead of environment and routine cues. Consistency beats intensity in behavior change. What habits are you trying to build?"
"When does change feel threatening instead of exciting?","Change feels threatening when uncertainty outweighs perceived benefits. The brain prefers familiar discomfort over unknown outcomes. How do you usually react to big changes?"
"How does boredom affect mental health?","Boredom can signal lack of stimulation or meaning, which may lower mood over time. It pushes the mind to seek novelty or purpose. What activities make you lose track of time?"
"What makes people search for meaning in life?","Humans naturally want coherence and purpose to feel grounded. Meaning helps suffering feel bearable and achievements feel worthwhile. What gives your life a sense of meaning?"
"Can you explain perfectionism?","Perfectionism often comes from fear of criticism or rejection rather than love of excellence. It raises standards so high that action feels risky. Where do you notice perfectionism most?"
"Tell me about fear of vulnerability.","Fear of vulnerability stems from past hurt or fear of judgment. Opening up feels like risking emotional safety. What makes you feel safe enough to share honestly?"
"Where does the need for control come from?","The need for control often grows from anxiety about uncertainty or past chaos. Predictability feels like protection. What situations make you want control most?"
"What happens when someone practices gratitude regularly?","Gratitude shifts attention toward positive experiences and reduces stress focus. Over time it rewires emotional perception. What are you grateful for today?"
"Why does comparison steal joy?","Comparison redirects focus from appreciation to evaluation. It turns experiences into competitions instead of moments. When do you notice comparison most?"
"Why do people regain hope after dark times?","Hope returns when the brain detects possibility or support again. Even small improvements can reignite it. What helps you feel hopeful?"
"When does avoidance make anxiety worse?","Avoidance reinforces fear by preventing corrective experiences. The brain learns the situation is dangerous because you escaped it. What do you tend to avoid?"
"How does conflict anxiety develop?","Conflict anxiety often forms when past disagreements led to rejection or punishment. The brain associates confrontation with danger. How comfortable are you with disagreement?"
"What makes reassurance feel addictive?","Reassurance provides temporary relief from uncertainty, which reinforces seeking it again. The cycle repeats because relief feels rewarding. Do you find yourself asking for reassurance often?"
"Can you explain decision fatigue?","Decision fatigue happens when mental energy is drained by repeated choices. The brain struggles to evaluate options after overload. When do choices feel most exhausting?"
"Tell me about homesickness.","Homesickness mixes longing for familiarity with discomfort in new environments. It's attachment seeking safety again. What do you miss most when you're away?"
"Where does body image insecurity begin?","Body image insecurity often starts from comparison, cultural standards, or criticism. Self-perception becomes tied to worth. What influences how you see yourself?"
"What happens when anger is directed at loved ones?","Anger toward loved ones often reflects unmet needs or expectations. The closeness makes emotions more intense. How do you handle conflict with people you care about?"
"Why does compassion fatigue occur?","Compassion fatigue happens when empathy is extended without enough recovery time. Emotional resources become depleted. How do you recharge after helping others?"
"Why do joyful moments feel strange after grief?","Joy after grief can feel confusing because the brain still carries loss while experiencing pleasure. Emotions can coexist even when they seem opposite. Have you noticed mixed feelings like that?"
"When does an emotional trigger form?","Triggers form when experiences link strongly with past emotional pain. Similar situations activate stored memories automatically. Do you know what your triggers are?"
"How does rumination keep sadness alive?","Rumination keeps attention on negative thoughts without resolution. Repetition deepens emotional grooves. What thoughts loop for you most?"
"What makes sleep affect mood so much?","Sleep regulates emotional processing and stress hormones. Poor rest reduces resilience to challenges. How do you feel after a bad night's sleep?"
"Can you explain crying without knowing why?","Sometimes emotions build below awareness until they overflow. Tears release tension even when the cause isn't clear. Have you experienced unexplained tears?"
"Tell me about envy versus admiration.","Envy focuses on what you lack, while admiration appreciates what others have without self-judgment. The emotional direction changes motivation. Which do you feel more often?"
"Where does trust rebuild after betrayal?","Trust rebuilds through consistent behavior over time, not promises alone. Safety returns gradually with evidence. What helps you trust again?"
"What happens when resentment lingers too long?","Lingering resentment can harden into emotional distance and bitterness. It blocks connection until addressed. Have you held onto resentment before?"
"Why does motivation drop after setbacks?","Setbacks challenge belief in success and increase doubt. Motivation returns when confidence rebuilds. What helps you recover after failure?"
"Why do crowds increase anxiety for some people?","Crowds can overwhelm sensory input and reduce sense of control. The brain interprets unpredictability as threat. Do busy places stress you?"
"When does fear of abandonment appear?","Fear of abandonment often grows from inconsistent attachment or past losses. The mind scans for signs of rejection. What situations trigger that fear for you?"
"How does emotional regulation improve?","Emotional regulation improves with awareness, practice, and nervous system calming. Skills like breathing or reframing help balance reactions. What techniques work for you?"
"What makes kindness boost mood?","Kindness activates reward pathways and connection hormones. Helping others reinforces purpose and belonging. When did kindness last lift your mood?"
"Can you explain why songs trigger memories?","Music connects strongly with emotional memory centers in the brain. Hearing a song can instantly revive past feelings. Which song takes you back somewhere?"
"Tell me about relief after setting boundaries.","Relief comes from aligning actions with personal needs and values. The nervous system senses safety in honesty. Have you felt lighter after saying no?"
"Where does the procrastination cycle begin?","The cycle starts with discomfort avoidance, followed by guilt, then more avoidance. Emotions drive behavior more than logic. What feelings start your procrastination?"
"What happens when someone enters flow state?","Flow happens when challenge and skill match closely, creating deep focus. Time perception fades during engagement. What activities put you in flow?"
"Why does burnout take time to heal?","Burnout involves nervous system exhaustion and emotional depletion. Recovery requires rest, boundaries, and meaning restoration. What signs tell you you're tired?"
"Why do anniversaries of loss feel heavy?","Anniversaries reactivate memories and emotions linked to the event. The body remembers even if the mind prepares. How do you usually cope with reminders?"
"When does mood swing without clear reason?","Mood can shift due to hormones, sleep, stress, or subconscious thoughts. Not every feeling has a clear story. Do sudden mood changes happen to you?"
"How does attachment style influence relationships?","Attachment style shapes expectations about closeness and safety. Early experiences often guide patterns later. Have you noticed patterns in your relationships?"
"What makes self-forgiveness difficult?","Self-forgiveness is hard because identity and guilt intertwine. Letting go can feel like excusing mistakes. What helps you forgive yourself?"
"Can you explain crying during movies?","Movies create emotional identification with characters and stories. The brain responds as if events are personal. What scenes affect you most?"
"Tell me about laughing during stress.","Laughter during stress can release tension and regulate emotion. Humor provides psychological distance from pressure. Do you use humor to cope?"
"Where does intuition come from?","Intuition often draws from subconscious pattern recognition and past experience. It feels sudden because processing happens beneath awareness. Do you trust your instincts?"
"What happens when heartbreak causes physical symptoms?","Stress hormones and nervous system activation can create fatigue, pain, or appetite changes. Emotional loss affects the body deeply. How does stress show up physically for you?"
"Why does suppressing anger backfire?","Suppressed anger doesn't resolve underlying issues and builds internal tension. It often emerges later in unexpected ways. Do you express anger openly?"
"Why do shame spirals feel endless?","Shame spirals repeat negative self-beliefs that reinforce themselves. Without interruption, they deepen emotional distress. What helps you break those cycles?"
"When does loneliness hit after a breakup?","Loneliness often peaks when routines and shared experiences disappear. The absence becomes noticeable in daily moments. What do you miss most after separation?"
"How does morning motivation vary so much?","Morning motivation depends on sleep quality, mood, and anticipation of the day. Expectations influence energy levels. What affects your mornings most?"
"What makes public speaking scary?","Public speaking triggers fear of judgment and social evaluation. The brain treats attention as potential threat. What part worries you most?"
"Can you explain gratitude journaling benefits?","Writing gratitude trains attention toward positive experiences and reframes perspective. Over time it strengthens emotional resilience. Have you tried it?"
"Tell me about worry control.","Worry control improves when you separate solvable problems from hypothetical fears. Awareness reduces mental spirals. What worries repeat for you?"
"Where does disappointment come from when expectations fail?","Disappointment arises from the gap between hope and reality. Strong expectations amplify emotional impact. How do you handle unmet expectations?"
"What happens when someone trusts their gut?","Trusting your gut can increase confidence and decisiveness. It integrates experience with emotion. When has intuition guided you well?"
"Why does resilience grow after hardship?","Hardship can build coping skills and perspective when processed healthily. Overcoming challenges increases confidence. What tough experience strengthened you?"
"Why do people need emotional safety?","Emotional safety allows vulnerability without fear of judgment or rejection. It supports connection and growth. Where do you feel safest emotionally?"
"When does jealousy appear in friendships?","Jealousy in friendships often comes from fear of replacement or comparison. Close bonds heighten sensitivity. Have you felt that before?"
"How does road rage escalate so quickly?","Road rage combines anonymity, stress, and perceived disrespect. Small triggers escalate without social restraint. What situations make you angry while driving?"
"What makes rainy weather affect mood?","Weather can influence light exposure and hormones, affecting mood. Atmosphere also shapes perception emotionally. Do you notice seasonal changes in mood?"
"Can you explain searching for purpose?","Searching for purpose often emerges when current life feels misaligned with values. Humans seek direction and meaning naturally. What gives you a sense of purpose?"
"Tell me about self-compassion.","Self-compassion means treating yourself with kindness during struggle. It reduces shame and increases resilience. How kind are you to yourself?"
"Where does burnout show up first?","Burnout often appears as fatigue, irritability, or reduced motivation. Early signs are easy to ignore. What symptoms do you notice first?"
"What happens when happiness feels undeserved?","Feeling undeserving can come from guilt or low self-worth. Joy then feels unsafe or temporary. Have you felt guilty for being happy?"
"Why does smell trigger nostalgia?","Smell connects strongly with memory and emotion centers in the brain. Scents bypass logical filters quickly. What smell reminds you of home?"
"Why do people feel anxious before good news?","Anticipation activates uncertainty, which can feel like anxiety even for positive outcomes. The brain prepares for possibilities. Do you feel nervous before good events?"
"When does regret linger longest?","Regret lingers when lessons aren't integrated or closure isn't reached. Unresolved thoughts keep replaying. What regrets stay with you?"
"How does external motivation differ from internal?","External motivation comes from rewards or pressure, while internal comes from personal meaning. Internal tends to last longer. What motivates you most?"
"What makes fear of rejection powerful?","Fear of rejection ties social acceptance to survival instincts. The brain treats exclusion as threat. When do you fear rejection most?"
"Can you explain love language misunderstandings?","Love language misunderstandings happen when people express care differently than partners expect. Intent gets lost in translation. What makes you feel most loved?"
"Why do some people fear success as much as failure?","Fear of success often comes from worry about increased expectations or losing relationships. Success can feel like uncharted territory where you might disappoint people. Have you ever held yourself back from something good?"
"How does emotional exhaustion differ from physical tiredness?","Emotional exhaustion drains your capacity to feel and care, while physical tiredness affects your body. The mind can feel empty even when the body has energy. Do you notice when you're emotionally drained?"
"What makes some memories feel more vivid than others?","Memories tied to strong emotions get encoded more deeply by the brain. The intensity of what you felt creates lasting imprints. Which memories stay clearest for you?"
"When does helping others become harmful to yourself?","Helping becomes harmful when you consistently ignore your own needs to meet others. The imbalance drains your emotional reserves over time. Do you recognize when you have given too much?"
"Why does uncertainty cause more stress than known bad outcomes?","Uncertainty keeps the brain in constant alert mode, unable to prepare or adapt. Known problems let you focus energy on coping. How do you handle not knowing what comes next?"
